-- ============================================================================
-- USERS (20) — identities that would come from VNeID in production
-- ============================================================================
INSERT INTO app_user (id, vneid_subject, full_name, dob, citizen_id, address) VALUES
('11111111-1111-1111-1111-000000000001', 'vneid-subject-001', 'Nguyễn Văn An',     DATE '1990-03-15', '001090000001', 'Số 12, phố Hàng Bài, quận Hoàn Kiếm, Hà Nội');
INSERT INTO app_user (id, vneid_subject, full_name, dob, citizen_id, address) VALUES
('11111111-1111-1111-1111-000000000002', 'vneid-subject-002', 'Trần Thị Bình',     DATE '1985-07-22', '001085000002', 'Số 45, đường Trần Hưng Đạo, quận Hai Bà Trưng, Hà Nội');
INSERT INTO app_user (id, vneid_subject, full_name, dob, citizen_id, address) VALUES
('11111111-1111-1111-1111-000000000003', 'vneid-subject-003', 'Lê Quốc Cường',     DATE '1982-11-05', '001082000003', 'Số 78, phố Láng Hạ, quận Đống Đa, Hà Nội');
INSERT INTO app_user (id, vneid_subject, full_name, dob, citizen_id, address) VALUES
('11111111-1111-1111-1111-000000000004', 'vneid-subject-004', 'Phạm Thị Dung',     DATE '1995-01-30', '001095000004', 'Số 102, đường Nguyễn Trãi, quận Thanh Xuân, Hà Nội');
INSERT INTO app_user (id, vneid_subject, full_name, dob, citizen_id, address) VALUES
('11111111-1111-1111-1111-000000000005', 'vneid-subject-005', 'Hoàng Văn Em',      DATE '1978-09-12', '001078000005', 'Số 9, ngõ 15, phố Nguyễn Chí Thanh, quận Ba Đình, Hà Nội');
INSERT INTO app_user (id, vneid_subject, full_name, dob, citizen_id, address) VALUES
('11111111-1111-1111-1111-000000000006', 'vneid-subject-006', 'Vũ Thị Phương',     DATE '1992-06-18', '001092000006', 'Số 33, phố Tô Hiến Thành, quận Hai Bà Trưng, Hà Nội');
INSERT INTO app_user (id, vneid_subject, full_name, dob, citizen_id, address) VALUES
('11111111-1111-1111-1111-000000000007', 'vneid-subject-007', 'Đặng Văn Giang',    DATE '1980-04-08', '001080000007', 'Số 56, đường Xuân Thủy, quận Cầu Giấy, Hà Nội');
INSERT INTO app_user (id, vneid_subject, full_name, dob, citizen_id, address) VALUES
('11111111-1111-1111-1111-000000000008', 'vneid-subject-008', 'Bùi Thị Hương',     DATE '1988-12-25', '001088000008', 'Số 21, phố Quán Thánh, quận Ba Đình, Hà Nội');
INSERT INTO app_user (id, vneid_subject, full_name, dob, citizen_id, address) VALUES
('11111111-1111-1111-1111-000000000009', 'vneid-subject-009', 'Ngô Minh Khôi',     DATE '1987-02-14', '001087000009', 'Số 88, đường Giải Phóng, quận Hoàng Mai, Hà Nội');
INSERT INTO app_user (id, vneid_subject, full_name, dob, citizen_id, address) VALUES
('11111111-1111-1111-1111-000000000010', 'vneid-subject-010', 'Lý Thị Lan',        DATE '1993-08-19', '001093000010', 'Số 7, phố Hàng Buồm, quận Hoàn Kiếm, Hà Nội');
INSERT INTO app_user (id, vneid_subject, full_name, dob, citizen_id, address) VALUES
('11111111-1111-1111-1111-000000000011', 'vneid-subject-011', 'Đinh Văn Minh',     DATE '1979-05-03', '001079000011', 'Số 110, đường Nguyễn Văn Cừ, quận Long Biên, Hà Nội');
INSERT INTO app_user (id, vneid_subject, full_name, dob, citizen_id, address) VALUES
('11111111-1111-1111-1111-000000000012', 'vneid-subject-012', 'Phan Thị Ngọc',     DATE '1991-10-27', '001091000012', 'Số 64, phố Lò Đúc, quận Hai Bà Trưng, Hà Nội');
INSERT INTO app_user (id, vneid_subject, full_name, dob, citizen_id, address) VALUES
('11111111-1111-1111-1111-000000000013', 'vneid-subject-013', 'Hồ Quang Oanh',     DATE '1984-03-09', '001084000013', 'Số 202, đường Cầu Giấy, quận Cầu Giấy, Hà Nội');
INSERT INTO app_user (id, vneid_subject, full_name, dob, citizen_id, address) VALUES
('11111111-1111-1111-1111-000000000014', 'vneid-subject-014', 'Dương Văn Phong',   DATE '1996-07-16', '001096000014', 'Số 18, phố Hàng Trống, quận Hoàn Kiếm, Hà Nội');
INSERT INTO app_user (id, vneid_subject, full_name, dob, citizen_id, address) VALUES
('11111111-1111-1111-1111-000000000015', 'vneid-subject-015', 'Mai Thị Quỳnh',     DATE '1981-11-21', '001081000015', 'Số 77, đường Kim Mã, quận Ba Đình, Hà Nội');
INSERT INTO app_user (id, vneid_subject, full_name, dob, citizen_id, address) VALUES
('11111111-1111-1111-1111-000000000016', 'vneid-subject-016', 'Đỗ Văn Sơn',        DATE '1976-08-04', '001076000016', 'Số 144, đường Láng, quận Đống Đa, Hà Nội');
INSERT INTO app_user (id, vneid_subject, full_name, dob, citizen_id, address) VALUES
('11111111-1111-1111-1111-000000000017', 'vneid-subject-017', 'Trịnh Thị Thúy',    DATE '1989-05-11', '001089000017', 'Số 39, phố Trần Nhân Tông, quận Hai Bà Trưng, Hà Nội');
INSERT INTO app_user (id, vneid_subject, full_name, dob, citizen_id, address) VALUES
('11111111-1111-1111-1111-000000000018', 'vneid-subject-018', 'Cao Văn Uy',        DATE '1983-01-26', '001083000018', 'Số 25, đường Hoàng Hoa Thám, quận Ba Đình, Hà Nội');
INSERT INTO app_user (id, vneid_subject, full_name, dob, citizen_id, address) VALUES
('11111111-1111-1111-1111-000000000019', 'vneid-subject-019', 'Tô Thị Vân',        DATE '1994-09-07', '001094000019', 'Số 11, ngõ 2, phố Thái Hà, quận Đống Đa, Hà Nội');
INSERT INTO app_user (id, vneid_subject, full_name, dob, citizen_id, address) VALUES
('11111111-1111-1111-1111-000000000020', 'vneid-subject-020', 'Lại Văn Xuân',      DATE '1977-04-23', '001077000020', 'Số 55, đường Tôn Đức Thắng, quận Đống Đa, Hà Nội');

-- ----------------------------------------------------------------------------
-- ORGANIZATIONS (tài khoản định danh tổ chức) — used by the LLTP QR verify path.
-- dob holds the incorporation date; citizen_id holds the tax code (MST).
-- ----------------------------------------------------------------------------
INSERT INTO app_user (id, vneid_subject, full_name, dob, citizen_id, address, account_type) VALUES
('33333333-3333-3333-3333-000000000001', 'vneid-org-001', 'Ngân hàng TMCP Đại Việt',                 DATE '2008-01-15', '0101234567', 'Số 1, phố Liễu Giai, quận Ba Đình, Hà Nội', 'ORG');
INSERT INTO app_user (id, vneid_subject, full_name, dob, citizen_id, address, account_type) VALUES
('33333333-3333-3333-3333-000000000002', 'vneid-org-002', 'Công ty CP Tuyển dụng Nhân lực Việt',     DATE '2015-06-20', '0312345678', 'Số 9, đường Nguyễn Huệ, Quận 1, TP. Hồ Chí Minh', 'ORG');

-- ============================================================================
-- DOCUMENTS (20) — one per user, 4 per type, status mix
-- Type/status distribution:
--   BIRTH_CERT      : 4 VALID                 (#1, 6, 10, 14)
--   MARRIAGE_CERT   : 4 VALID                 (#2, 9, 12, 17)
--   BUSINESS_REG    : 2 VALID, 1 EXP, 1 REV   (#3, 11 | #7 | #16)
--   DRIVER_LICENSE  : 2 VALID, 1 EXP, 1 REV   (#4, 13 | #18 | #8)
--   LAND_USE_RIGHT  : 3 VALID, 1 EXP          (#5, 15, 19 | #20)
-- ============================================================================

INSERT INTO document (id, owner_id, type, title, document_number, issued_at, issuing_authority, status, subject_full_name, subject_dob, subject_citizen_id, subject_address, body, search_text) VALUES
('22222222-2222-2222-2222-000000000001', '11111111-1111-1111-1111-000000000001', 'BIRTH_CERT', 'Giấy khai sinh', 'KS-2023-000001', DATE '1990-03-20', 'UBND Quận Hoàn Kiếm, Hà Nội', 'VALID',
 'Nguyễn Văn An', DATE '1990-03-15', '001090000001', 'Số 12, phố Hàng Bài, quận Hoàn Kiếm, Hà Nội',
 'Ủy ban nhân dân Quận Hoàn Kiếm chứng nhận: Họ và tên: Nguyễn Văn An. Giới tính: Nam. Ngày sinh: 15/03/1990. Nơi sinh: Hà Nội. Dân tộc: Kinh. Quốc tịch: Việt Nam. Họ tên cha: Nguyễn Văn Hải. Họ tên mẹ: Trần Thị Mai.',
 'giay khai sinh ks-2023-000001 ubnd quan hoan kiem, ha noi nguyen van an birth_cert');

INSERT INTO document (id, owner_id, type, title, document_number, issued_at, issuing_authority, status, subject_full_name, subject_dob, subject_citizen_id, subject_address, body, search_text) VALUES
('22222222-2222-2222-2222-000000000002', '11111111-1111-1111-1111-000000000002', 'MARRIAGE_CERT', 'Giấy đăng ký kết hôn', 'KH-2010-000002', DATE '2010-05-12', 'UBND Phường Bạch Đằng, Hai Bà Trưng, Hà Nội', 'VALID',
 'Trần Thị Bình', DATE '1985-07-22', '001085000002', 'Số 45, đường Trần Hưng Đạo, quận Hai Bà Trưng, Hà Nội',
 'Giấy chứng nhận kết hôn số KH-2010-000002. Bên nữ: Trần Thị Bình, sinh ngày 22/07/1985. Bên nam: Lê Minh Hùng, sinh ngày 10/11/1983. Ngày đăng ký: 12/05/2010. Nơi đăng ký: UBND Phường Bạch Đằng, Hai Bà Trưng, Hà Nội.',
 'giay dang ky ket hon kh-2010-000002 ubnd phuong bach dang, hai ba trung, ha noi tran thi binh marriage_cert');

INSERT INTO document (id, owner_id, type, title, document_number, issued_at, issuing_authority, status, subject_full_name, subject_dob, subject_citizen_id, subject_address, body, search_text) VALUES
('22222222-2222-2222-2222-000000000003', '11111111-1111-1111-1111-000000000003', 'BUSINESS_REG', 'Giấy phép kinh doanh', 'GP-2018-000003', DATE '2018-08-14', 'Sở Kế hoạch và Đầu tư Hà Nội', 'VALID',
 'Lê Quốc Cường', DATE '1982-11-05', '001082000003', 'Số 78, phố Láng Hạ, quận Đống Đa, Hà Nội',
 'Giấy chứng nhận đăng ký doanh nghiệp. Số giấy phép: GP-2018-000003. Tên doanh nghiệp: Công ty TNHH Cường Phát. Người đại diện pháp luật: Lê Quốc Cường. Mã số thuế: 0108123003. Ngày cấp: 14/08/2018. Địa chỉ trụ sở: Số 78, phố Láng Hạ, quận Đống Đa, Hà Nội.',
 'giay phep kinh doanh gp-2018-000003 so ke hoach va dau tu ha noi le quoc cuong business_reg');

INSERT INTO document (id, owner_id, type, title, document_number, issued_at, issuing_authority, status, subject_full_name, subject_dob, subject_citizen_id, subject_address, body, search_text) VALUES
('22222222-2222-2222-2222-000000000004', '11111111-1111-1111-1111-000000000004', 'DRIVER_LICENSE', 'Giấy phép lái xe', 'LX-B2-000004', DATE '2020-02-10', 'Sở Giao thông Vận tải Hà Nội', 'VALID',
 'Phạm Thị Dung', DATE '1995-01-30', '001095000004', 'Số 102, đường Nguyễn Trãi, quận Thanh Xuân, Hà Nội',
 'Giấy phép lái xe hạng B2. Số giấy phép: LX-B2-000004. Họ và tên: Phạm Thị Dung. Ngày sinh: 30/01/1995. Ngày cấp: 10/02/2020. Có giá trị đến: 10/02/2030. Nơi cấp: Sở Giao thông Vận tải Hà Nội.',
 'giay phep lai xe lx-b2-000004 so giao thong van tai ha noi pham thi dung driver_license');

INSERT INTO document (id, owner_id, type, title, document_number, issued_at, issuing_authority, status, subject_full_name, subject_dob, subject_citizen_id, subject_address, body, search_text) VALUES
('22222222-2222-2222-2222-000000000005', '11111111-1111-1111-1111-000000000005', 'LAND_USE_RIGHT', 'Giấy chứng nhận quyền sử dụng đất', 'SD-2015-000005', DATE '2015-11-25', 'Sở Tài nguyên và Môi trường Hà Nội', 'VALID',
 'Hoàng Văn Em', DATE '1978-09-12', '001078000005', 'Số 9, ngõ 15, phố Nguyễn Chí Thanh, quận Ba Đình, Hà Nội',
 'Giấy chứng nhận quyền sử dụng đất, quyền sở hữu nhà ở. Số: SD-2015-000005. Người sử dụng đất: Hoàng Văn Em. Thửa đất số: 125, tờ bản đồ số 18. Diện tích: 82 m². Mục đích sử dụng: Đất ở đô thị. Thời hạn: Lâu dài. Ngày cấp: 25/11/2015.',
 'giay chung nhan quyen su dung dat sd-2015-000005 so tai nguyen va moi truong ha noi hoang van em land_use_right');

INSERT INTO document (id, owner_id, type, title, document_number, issued_at, issuing_authority, status, subject_full_name, subject_dob, subject_citizen_id, subject_address, body, search_text) VALUES
('22222222-2222-2222-2222-000000000006', '11111111-1111-1111-1111-000000000006', 'BIRTH_CERT', 'Giấy khai sinh', 'KS-2024-000006', DATE '1992-06-25', 'UBND Quận Hai Bà Trưng, Hà Nội', 'VALID',
 'Vũ Thị Phương', DATE '1992-06-18', '001092000006', 'Số 33, phố Tô Hiến Thành, quận Hai Bà Trưng, Hà Nội',
 'Ủy ban nhân dân Quận Hai Bà Trưng chứng nhận: Họ và tên: Vũ Thị Phương. Giới tính: Nữ. Ngày sinh: 18/06/1992. Nơi sinh: Hà Nội. Dân tộc: Kinh. Quốc tịch: Việt Nam. Họ tên cha: Vũ Văn Tâm. Họ tên mẹ: Phạm Thị Hoa.',
 'giay khai sinh ks-2024-000006 ubnd quan hai ba trung, ha noi vu thi phuong birth_cert');

INSERT INTO document (id, owner_id, type, title, document_number, issued_at, issuing_authority, status, subject_full_name, subject_dob, subject_citizen_id, subject_address, body, search_text) VALUES
('22222222-2222-2222-2222-000000000007', '11111111-1111-1111-1111-000000000007', 'BUSINESS_REG', 'Giấy phép kinh doanh', 'GP-2015-000007', DATE '2015-03-18', 'Sở Kế hoạch và Đầu tư Hà Nội', 'EXPIRED',
 'Đặng Văn Giang', DATE '1980-04-08', '001080000007', 'Số 56, đường Xuân Thủy, quận Cầu Giấy, Hà Nội',
 'Giấy chứng nhận đăng ký doanh nghiệp. Số giấy phép: GP-2015-000007. Tên doanh nghiệp: Công ty TNHH Giang Sơn. Người đại diện pháp luật: Đặng Văn Giang. Mã số thuế: 0106789007. Ngày cấp: 18/03/2015. Tình trạng: Đã hết hiệu lực do hết thời hạn đăng ký.',
 'giay phep kinh doanh gp-2015-000007 so ke hoach va dau tu ha noi dang van giang business_reg');

INSERT INTO document (id, owner_id, type, title, document_number, issued_at, issuing_authority, status, subject_full_name, subject_dob, subject_citizen_id, subject_address, body, search_text) VALUES
('22222222-2222-2222-2222-000000000008', '11111111-1111-1111-1111-000000000008', 'DRIVER_LICENSE', 'Giấy phép lái xe', 'LX-B2-000008', DATE '2018-07-04', 'Sở Giao thông Vận tải Hà Nội', 'REVOKED',
 'Bùi Thị Hương', DATE '1988-12-25', '001088000008', 'Số 21, phố Quán Thánh, quận Ba Đình, Hà Nội',
 'Giấy phép lái xe hạng B2. Số giấy phép: LX-B2-000008. Họ và tên: Bùi Thị Hương. Ngày sinh: 25/12/1988. Ngày cấp: 04/07/2018. Tình trạng: Đã bị thu hồi theo quyết định ngày 10/01/2024 do vi phạm nghiêm trọng luật giao thông.',
 'giay phep lai xe lx-b2-000008 so giao thong van tai ha noi bui thi huong driver_license');

INSERT INTO document (id, owner_id, type, title, document_number, issued_at, issuing_authority, status, subject_full_name, subject_dob, subject_citizen_id, subject_address, body, search_text) VALUES
('22222222-2222-2222-2222-000000000009', '11111111-1111-1111-1111-000000000009', 'MARRIAGE_CERT', 'Giấy đăng ký kết hôn', 'KH-2014-000009', DATE '2014-09-21', 'UBND Phường Định Công, Hoàng Mai, Hà Nội', 'VALID',
 'Ngô Minh Khôi', DATE '1987-02-14', '001087000009', 'Số 88, đường Giải Phóng, quận Hoàng Mai, Hà Nội',
 'Giấy chứng nhận kết hôn số KH-2014-000009. Bên nam: Ngô Minh Khôi, sinh ngày 14/02/1987. Bên nữ: Trần Mỹ Linh, sinh ngày 05/09/1989. Ngày đăng ký: 21/09/2014. Nơi đăng ký: UBND Phường Định Công, Hoàng Mai, Hà Nội.',
 'giay dang ky ket hon kh-2014-000009 ubnd phuong dinh cong, hoang mai, ha noi ngo minh khoi marriage_cert');

INSERT INTO document (id, owner_id, type, title, document_number, issued_at, issuing_authority, status, subject_full_name, subject_dob, subject_citizen_id, subject_address, body, search_text) VALUES
('22222222-2222-2222-2222-000000000010', '11111111-1111-1111-1111-000000000010', 'BIRTH_CERT', 'Giấy khai sinh', 'KS-2023-000010', DATE '1993-09-02', 'UBND Quận Hoàn Kiếm, Hà Nội', 'VALID',
 'Lý Thị Lan', DATE '1993-08-19', '001093000010', 'Số 7, phố Hàng Buồm, quận Hoàn Kiếm, Hà Nội',
 'Ủy ban nhân dân Quận Hoàn Kiếm chứng nhận: Họ và tên: Lý Thị Lan. Giới tính: Nữ. Ngày sinh: 19/08/1993. Nơi sinh: Hà Nội. Dân tộc: Kinh. Quốc tịch: Việt Nam. Họ tên cha: Lý Văn Tuấn. Họ tên mẹ: Hoàng Thị Nga.',
 'giay khai sinh ks-2023-000010 ubnd quan hoan kiem, ha noi ly thi lan birth_cert');

INSERT INTO document (id, owner_id, type, title, document_number, issued_at, issuing_authority, status, subject_full_name, subject_dob, subject_citizen_id, subject_address, body, search_text) VALUES
('22222222-2222-2222-2222-000000000011', '11111111-1111-1111-1111-000000000011', 'BUSINESS_REG', 'Giấy phép kinh doanh', 'GP-2019-000011', DATE '2019-04-30', 'Sở Kế hoạch và Đầu tư Hà Nội', 'VALID',
 'Đinh Văn Minh', DATE '1979-05-03', '001079000011', 'Số 110, đường Nguyễn Văn Cừ, quận Long Biên, Hà Nội',
 'Giấy chứng nhận đăng ký doanh nghiệp. Số giấy phép: GP-2019-000011. Tên doanh nghiệp: Công ty Cổ phần Minh Hà. Người đại diện pháp luật: Đinh Văn Minh. Mã số thuế: 0109345011. Ngày cấp: 30/04/2019. Địa chỉ trụ sở: Số 110, đường Nguyễn Văn Cừ, quận Long Biên, Hà Nội.',
 'giay phep kinh doanh gp-2019-000011 so ke hoach va dau tu ha noi dinh van minh business_reg');

INSERT INTO document (id, owner_id, type, title, document_number, issued_at, issuing_authority, status, subject_full_name, subject_dob, subject_citizen_id, subject_address, body, search_text) VALUES
('22222222-2222-2222-2222-000000000012', '11111111-1111-1111-1111-000000000012', 'MARRIAGE_CERT', 'Giấy đăng ký kết hôn', 'KH-2018-000012', DATE '2018-11-11', 'UBND Phường Phạm Đình Hổ, Hai Bà Trưng, Hà Nội', 'VALID',
 'Phan Thị Ngọc', DATE '1991-10-27', '001091000012', 'Số 64, phố Lò Đúc, quận Hai Bà Trưng, Hà Nội',
 'Giấy chứng nhận kết hôn số KH-2018-000012. Bên nữ: Phan Thị Ngọc, sinh ngày 27/10/1991. Bên nam: Đỗ Hồng Quân, sinh ngày 02/03/1988. Ngày đăng ký: 11/11/2018. Nơi đăng ký: UBND Phường Phạm Đình Hổ, Hai Bà Trưng, Hà Nội.',
 'giay dang ky ket hon kh-2018-000012 ubnd phuong pham dinh ho, hai ba trung, ha noi phan thi ngoc marriage_cert');

INSERT INTO document (id, owner_id, type, title, document_number, issued_at, issuing_authority, status, subject_full_name, subject_dob, subject_citizen_id, subject_address, body, search_text) VALUES
('22222222-2222-2222-2222-000000000013', '11111111-1111-1111-1111-000000000013', 'DRIVER_LICENSE', 'Giấy phép lái xe', 'LX-B2-000013', DATE '2021-06-15', 'Sở Giao thông Vận tải Hà Nội', 'VALID',
 'Hồ Quang Oanh', DATE '1984-03-09', '001084000013', 'Số 202, đường Cầu Giấy, quận Cầu Giấy, Hà Nội',
 'Giấy phép lái xe hạng B2. Số giấy phép: LX-B2-000013. Họ và tên: Hồ Quang Oanh. Ngày sinh: 09/03/1984. Ngày cấp: 15/06/2021. Có giá trị đến: 15/06/2031. Nơi cấp: Sở Giao thông Vận tải Hà Nội.',
 'giay phep lai xe lx-b2-000013 so giao thong van tai ha noi ho quang oanh driver_license');

INSERT INTO document (id, owner_id, type, title, document_number, issued_at, issuing_authority, status, subject_full_name, subject_dob, subject_citizen_id, subject_address, body, search_text) VALUES
('22222222-2222-2222-2222-000000000014', '11111111-1111-1111-1111-000000000014', 'BIRTH_CERT', 'Giấy khai sinh', 'KS-2024-000014', DATE '1996-07-28', 'UBND Quận Hoàn Kiếm, Hà Nội', 'VALID',
 'Dương Văn Phong', DATE '1996-07-16', '001096000014', 'Số 18, phố Hàng Trống, quận Hoàn Kiếm, Hà Nội',
 'Ủy ban nhân dân Quận Hoàn Kiếm chứng nhận: Họ và tên: Dương Văn Phong. Giới tính: Nam. Ngày sinh: 16/07/1996. Nơi sinh: Hà Nội. Dân tộc: Kinh. Quốc tịch: Việt Nam. Họ tên cha: Dương Quang Huy. Họ tên mẹ: Lê Thị Hạnh.',
 'giay khai sinh ks-2024-000014 ubnd quan hoan kiem, ha noi duong van phong birth_cert');

INSERT INTO document (id, owner_id, type, title, document_number, issued_at, issuing_authority, status, subject_full_name, subject_dob, subject_citizen_id, subject_address, body, search_text) VALUES
('22222222-2222-2222-2222-000000000015', '11111111-1111-1111-1111-000000000015', 'LAND_USE_RIGHT', 'Giấy chứng nhận quyền sử dụng đất', 'SD-2017-000015', DATE '2017-10-05', 'Sở Tài nguyên và Môi trường Hà Nội', 'VALID',
 'Mai Thị Quỳnh', DATE '1981-11-21', '001081000015', 'Số 77, đường Kim Mã, quận Ba Đình, Hà Nội',
 'Giấy chứng nhận quyền sử dụng đất, quyền sở hữu nhà ở. Số: SD-2017-000015. Người sử dụng đất: Mai Thị Quỳnh. Thửa đất số: 87, tờ bản đồ số 22. Diện tích: 65 m². Mục đích sử dụng: Đất ở đô thị. Thời hạn: Lâu dài. Ngày cấp: 05/10/2017.',
 'giay chung nhan quyen su dung dat sd-2017-000015 so tai nguyen va moi truong ha noi mai thi quynh land_use_right');

INSERT INTO document (id, owner_id, type, title, document_number, issued_at, issuing_authority, status, subject_full_name, subject_dob, subject_citizen_id, subject_address, body, search_text) VALUES
('22222222-2222-2222-2222-000000000016', '11111111-1111-1111-1111-000000000016', 'BUSINESS_REG', 'Giấy phép kinh doanh', 'GP-2013-000016', DATE '2013-02-22', 'Sở Kế hoạch và Đầu tư Hà Nội', 'REVOKED',
 'Đỗ Văn Sơn', DATE '1976-08-04', '001076000016', 'Số 144, đường Láng, quận Đống Đa, Hà Nội',
 'Giấy chứng nhận đăng ký doanh nghiệp. Số giấy phép: GP-2013-000016. Tên doanh nghiệp: Công ty TNHH Sơn Long. Người đại diện pháp luật: Đỗ Văn Sơn. Mã số thuế: 0105432016. Ngày cấp: 22/02/2013. Tình trạng: Đã bị thu hồi do vi phạm quy định về thuế.',
 'giay phep kinh doanh gp-2013-000016 so ke hoach va dau tu ha noi do van son business_reg');

INSERT INTO document (id, owner_id, type, title, document_number, issued_at, issuing_authority, status, subject_full_name, subject_dob, subject_citizen_id, subject_address, body, search_text) VALUES
('22222222-2222-2222-2222-000000000017', '11111111-1111-1111-1111-000000000017', 'MARRIAGE_CERT', 'Giấy đăng ký kết hôn', 'KH-2015-000017', DATE '2015-12-06', 'UBND Phường Đồng Nhân, Hai Bà Trưng, Hà Nội', 'VALID',
 'Trịnh Thị Thúy', DATE '1989-05-11', '001089000017', 'Số 39, phố Trần Nhân Tông, quận Hai Bà Trưng, Hà Nội',
 'Giấy chứng nhận kết hôn số KH-2015-000017. Bên nữ: Trịnh Thị Thúy, sinh ngày 11/05/1989. Bên nam: Vũ Xuân Thành, sinh ngày 24/07/1986. Ngày đăng ký: 06/12/2015. Nơi đăng ký: UBND Phường Đồng Nhân, Hai Bà Trưng, Hà Nội.',
 'giay dang ky ket hon kh-2015-000017 ubnd phuong dong nhan, hai ba trung, ha noi trinh thi thuy marriage_cert');

INSERT INTO document (id, owner_id, type, title, document_number, issued_at, issuing_authority, status, subject_full_name, subject_dob, subject_citizen_id, subject_address, body, search_text) VALUES
('22222222-2222-2222-2222-000000000018', '11111111-1111-1111-1111-000000000018', 'DRIVER_LICENSE', 'Giấy phép lái xe', 'LX-B2-000018', DATE '2013-08-17', 'Sở Giao thông Vận tải Hà Nội', 'EXPIRED',
 'Cao Văn Uy', DATE '1983-01-26', '001083000018', 'Số 25, đường Hoàng Hoa Thám, quận Ba Đình, Hà Nội',
 'Giấy phép lái xe hạng B2. Số giấy phép: LX-B2-000018. Họ và tên: Cao Văn Uy. Ngày sinh: 26/01/1983. Ngày cấp: 17/08/2013. Có giá trị đến: 17/08/2023. Tình trạng: Đã hết hạn, cần cấp đổi.',
 'giay phep lai xe lx-b2-000018 so giao thong van tai ha noi cao van uy driver_license');

INSERT INTO document (id, owner_id, type, title, document_number, issued_at, issuing_authority, status, subject_full_name, subject_dob, subject_citizen_id, subject_address, body, search_text) VALUES
('22222222-2222-2222-2222-000000000019', '11111111-1111-1111-1111-000000000019', 'LAND_USE_RIGHT', 'Giấy chứng nhận quyền sử dụng đất', 'SD-2019-000019', DATE '2019-05-14', 'Sở Tài nguyên và Môi trường Hà Nội', 'VALID',
 'Tô Thị Vân', DATE '1994-09-07', '001094000019', 'Số 11, ngõ 2, phố Thái Hà, quận Đống Đa, Hà Nội',
 'Giấy chứng nhận quyền sử dụng đất, quyền sở hữu nhà ở. Số: SD-2019-000019. Người sử dụng đất: Tô Thị Vân. Thửa đất số: 204, tờ bản đồ số 9. Diện tích: 48 m². Mục đích sử dụng: Đất ở đô thị. Thời hạn: Lâu dài. Ngày cấp: 14/05/2019.',
 'giay chung nhan quyen su dung dat sd-2019-000019 so tai nguyen va moi truong ha noi to thi van land_use_right');

INSERT INTO document (id, owner_id, type, title, document_number, issued_at, issuing_authority, status, subject_full_name, subject_dob, subject_citizen_id, subject_address, body, search_text) VALUES
('22222222-2222-2222-2222-000000000020', '11111111-1111-1111-1111-000000000020', 'LAND_USE_RIGHT', 'Giấy chứng nhận quyền sử dụng đất', 'SD-2010-000020', DATE '2010-07-09', 'Sở Tài nguyên và Môi trường Hà Nội', 'EXPIRED',
 'Lại Văn Xuân', DATE '1977-04-23', '001077000020', 'Số 55, đường Tôn Đức Thắng, quận Đống Đa, Hà Nội',
 'Giấy chứng nhận quyền sử dụng đất. Số: SD-2010-000020. Người sử dụng đất: Lại Văn Xuân. Thửa đất số: 312, tờ bản đồ số 14. Diện tích: 120 m². Mục đích sử dụng: Đất nông nghiệp. Thời hạn: 50 năm. Ngày cấp: 09/07/2010. Tình trạng: Hết hạn sử dụng.',
 'giay chung nhan quyen su dung dat sd-2010-000020 so tai nguyen va moi truong ha noi lai van xuan land_use_right');

-- ============================================================================
-- ATTACHMENTS (40) — 2 per document, metadata only (no real files)
-- ============================================================================
INSERT INTO document_attachment (id, document_id, file_name, mime_type, size_bytes, sort_order) VALUES ('33333333-3333-3333-3333-000000000101', '22222222-2222-2222-2222-000000000001', 'giay-khai-sinh-ban-chinh.pdf', 'application/pdf', 245120, 1);
INSERT INTO document_attachment (id, document_id, file_name, mime_type, size_bytes, sort_order) VALUES ('33333333-3333-3333-3333-000000000102', '22222222-2222-2222-2222-000000000001', 'trich-luc-khai-sinh.pdf',      'application/pdf', 118400, 2);
INSERT INTO document_attachment (id, document_id, file_name, mime_type, size_bytes, sort_order) VALUES ('33333333-3333-3333-3333-000000000201', '22222222-2222-2222-2222-000000000002', 'giay-dang-ky-ket-hon.pdf',     'application/pdf', 312800, 1);
INSERT INTO document_attachment (id, document_id, file_name, mime_type, size_bytes, sort_order) VALUES ('33333333-3333-3333-3333-000000000202', '22222222-2222-2222-2222-000000000002', 'don-dang-ky-ket-hon.pdf',      'application/pdf', 97600,  2);
INSERT INTO document_attachment (id, document_id, file_name, mime_type, size_bytes, sort_order) VALUES ('33333333-3333-3333-3333-000000000301', '22222222-2222-2222-2222-000000000003', 'giay-chung-nhan-dkkd.pdf',     'application/pdf', 428160, 1);
INSERT INTO document_attachment (id, document_id, file_name, mime_type, size_bytes, sort_order) VALUES ('33333333-3333-3333-3333-000000000302', '22222222-2222-2222-2222-000000000003', 'dieu-le-cong-ty.pdf',          'application/pdf', 614400, 2);
INSERT INTO document_attachment (id, document_id, file_name, mime_type, size_bytes, sort_order) VALUES ('33333333-3333-3333-3333-000000000401', '22222222-2222-2222-2222-000000000004', 'gplx-mat-truoc.jpg',           'image/jpeg',       84500, 1);
INSERT INTO document_attachment (id, document_id, file_name, mime_type, size_bytes, sort_order) VALUES ('33333333-3333-3333-3333-000000000402', '22222222-2222-2222-2222-000000000004', 'gplx-mat-sau.jpg',             'image/jpeg',       76800, 2);
INSERT INTO document_attachment (id, document_id, file_name, mime_type, size_bytes, sort_order) VALUES ('33333333-3333-3333-3333-000000000501', '22222222-2222-2222-2222-000000000005', 'giay-chung-nhan-qsdd.pdf',     'application/pdf', 512000, 1);
INSERT INTO document_attachment (id, document_id, file_name, mime_type, size_bytes, sort_order) VALUES ('33333333-3333-3333-3333-000000000502', '22222222-2222-2222-2222-000000000005', 'ban-do-thua-dat.pdf',          'application/pdf', 389120, 2);
INSERT INTO document_attachment (id, document_id, file_name, mime_type, size_bytes, sort_order) VALUES ('33333333-3333-3333-3333-000000000601', '22222222-2222-2222-2222-000000000006', 'giay-khai-sinh-ban-chinh.pdf', 'application/pdf', 241900, 1);
INSERT INTO document_attachment (id, document_id, file_name, mime_type, size_bytes, sort_order) VALUES ('33333333-3333-3333-3333-000000000602', '22222222-2222-2222-2222-000000000006', 'trich-luc-khai-sinh.pdf',      'application/pdf', 115200, 2);
INSERT INTO document_attachment (id, document_id, file_name, mime_type, size_bytes, sort_order) VALUES ('33333333-3333-3333-3333-000000000701', '22222222-2222-2222-2222-000000000007', 'giay-chung-nhan-dkkd.pdf',     'application/pdf', 408320, 1);
INSERT INTO document_attachment (id, document_id, file_name, mime_type, size_bytes, sort_order) VALUES ('33333333-3333-3333-3333-000000000702', '22222222-2222-2222-2222-000000000007', 'dieu-le-cong-ty.pdf',          'application/pdf', 572800, 2);
INSERT INTO document_attachment (id, document_id, file_name, mime_type, size_bytes, sort_order) VALUES ('33333333-3333-3333-3333-000000000801', '22222222-2222-2222-2222-000000000008', 'gplx-mat-truoc.jpg',           'image/jpeg',       82300, 1);
INSERT INTO document_attachment (id, document_id, file_name, mime_type, size_bytes, sort_order) VALUES ('33333333-3333-3333-3333-000000000802', '22222222-2222-2222-2222-000000000008', 'gplx-mat-sau.jpg',             'image/jpeg',       75200, 2);
INSERT INTO document_attachment (id, document_id, file_name, mime_type, size_bytes, sort_order) VALUES ('33333333-3333-3333-3333-000000000901', '22222222-2222-2222-2222-000000000009', 'giay-dang-ky-ket-hon.pdf',     'application/pdf', 308700, 1);
INSERT INTO document_attachment (id, document_id, file_name, mime_type, size_bytes, sort_order) VALUES ('33333333-3333-3333-3333-000000000902', '22222222-2222-2222-2222-000000000009', 'don-dang-ky-ket-hon.pdf',      'application/pdf', 94200,  2);
INSERT INTO document_attachment (id, document_id, file_name, mime_type, size_bytes, sort_order) VALUES ('33333333-3333-3333-3333-000000001001', '22222222-2222-2222-2222-000000000010', 'giay-khai-sinh-ban-chinh.pdf', 'application/pdf', 239800, 1);
INSERT INTO document_attachment (id, document_id, file_name, mime_type, size_bytes, sort_order) VALUES ('33333333-3333-3333-3333-000000001002', '22222222-2222-2222-2222-000000000010', 'trich-luc-khai-sinh.pdf',      'application/pdf', 116800, 2);
INSERT INTO document_attachment (id, document_id, file_name, mime_type, size_bytes, sort_order) VALUES ('33333333-3333-3333-3333-000000001101', '22222222-2222-2222-2222-000000000011', 'giay-chung-nhan-dkkd.pdf',     'application/pdf', 433600, 1);
INSERT INTO document_attachment (id, document_id, file_name, mime_type, size_bytes, sort_order) VALUES ('33333333-3333-3333-3333-000000001102', '22222222-2222-2222-2222-000000000011', 'dieu-le-cong-ty.pdf',          'application/pdf', 628480, 2);
INSERT INTO document_attachment (id, document_id, file_name, mime_type, size_bytes, sort_order) VALUES ('33333333-3333-3333-3333-000000001201', '22222222-2222-2222-2222-000000000012', 'giay-dang-ky-ket-hon.pdf',     'application/pdf', 315200, 1);
INSERT INTO document_attachment (id, document_id, file_name, mime_type, size_bytes, sort_order) VALUES ('33333333-3333-3333-3333-000000001202', '22222222-2222-2222-2222-000000000012', 'don-dang-ky-ket-hon.pdf',      'application/pdf', 99200,  2);
INSERT INTO document_attachment (id, document_id, file_name, mime_type, size_bytes, sort_order) VALUES ('33333333-3333-3333-3333-000000001301', '22222222-2222-2222-2222-000000000013', 'gplx-mat-truoc.jpg',           'image/jpeg',       85600, 1);
INSERT INTO document_attachment (id, document_id, file_name, mime_type, size_bytes, sort_order) VALUES ('33333333-3333-3333-3333-000000001302', '22222222-2222-2222-2222-000000000013', 'gplx-mat-sau.jpg',             'image/jpeg',       77400, 2);
INSERT INTO document_attachment (id, document_id, file_name, mime_type, size_bytes, sort_order) VALUES ('33333333-3333-3333-3333-000000001401', '22222222-2222-2222-2222-000000000014', 'giay-khai-sinh-ban-chinh.pdf', 'application/pdf', 247100, 1);
INSERT INTO document_attachment (id, document_id, file_name, mime_type, size_bytes, sort_order) VALUES ('33333333-3333-3333-3333-000000001402', '22222222-2222-2222-2222-000000000014', 'trich-luc-khai-sinh.pdf',      'application/pdf', 119200, 2);
INSERT INTO document_attachment (id, document_id, file_name, mime_type, size_bytes, sort_order) VALUES ('33333333-3333-3333-3333-000000001501', '22222222-2222-2222-2222-000000000015', 'giay-chung-nhan-qsdd.pdf',     'application/pdf', 504000, 1);
INSERT INTO document_attachment (id, document_id, file_name, mime_type, size_bytes, sort_order) VALUES ('33333333-3333-3333-3333-000000001502', '22222222-2222-2222-2222-000000000015', 'ban-do-thua-dat.pdf',          'application/pdf', 381440, 2);
INSERT INTO document_attachment (id, document_id, file_name, mime_type, size_bytes, sort_order) VALUES ('33333333-3333-3333-3333-000000001601', '22222222-2222-2222-2222-000000000016', 'giay-chung-nhan-dkkd.pdf',     'application/pdf', 421000, 1);
INSERT INTO document_attachment (id, document_id, file_name, mime_type, size_bytes, sort_order) VALUES ('33333333-3333-3333-3333-000000001602', '22222222-2222-2222-2222-000000000016', 'dieu-le-cong-ty.pdf',          'application/pdf', 591360, 2);
INSERT INTO document_attachment (id, document_id, file_name, mime_type, size_bytes, sort_order) VALUES ('33333333-3333-3333-3333-000000001701', '22222222-2222-2222-2222-000000000017', 'giay-dang-ky-ket-hon.pdf',     'application/pdf', 309600, 1);
INSERT INTO document_attachment (id, document_id, file_name, mime_type, size_bytes, sort_order) VALUES ('33333333-3333-3333-3333-000000001702', '22222222-2222-2222-2222-000000000017', 'don-dang-ky-ket-hon.pdf',      'application/pdf', 95700,  2);
INSERT INTO document_attachment (id, document_id, file_name, mime_type, size_bytes, sort_order) VALUES ('33333333-3333-3333-3333-000000001801', '22222222-2222-2222-2222-000000000018', 'gplx-mat-truoc.jpg',           'image/jpeg',       83100, 1);
INSERT INTO document_attachment (id, document_id, file_name, mime_type, size_bytes, sort_order) VALUES ('33333333-3333-3333-3333-000000001802', '22222222-2222-2222-2222-000000000018', 'gplx-mat-sau.jpg',             'image/jpeg',       76200, 2);
INSERT INTO document_attachment (id, document_id, file_name, mime_type, size_bytes, sort_order) VALUES ('33333333-3333-3333-3333-000000001901', '22222222-2222-2222-2222-000000000019', 'giay-chung-nhan-qsdd.pdf',     'application/pdf', 488320, 1);
INSERT INTO document_attachment (id, document_id, file_name, mime_type, size_bytes, sort_order) VALUES ('33333333-3333-3333-3333-000000001902', '22222222-2222-2222-2222-000000000019', 'ban-do-thua-dat.pdf',          'application/pdf', 372800, 2);
INSERT INTO document_attachment (id, document_id, file_name, mime_type, size_bytes, sort_order) VALUES ('33333333-3333-3333-3333-000000002001', '22222222-2222-2222-2222-000000000020', 'giay-chung-nhan-qsdd.pdf',     'application/pdf', 521600, 1);
INSERT INTO document_attachment (id, document_id, file_name, mime_type, size_bytes, sort_order) VALUES ('33333333-3333-3333-3333-000000002002', '22222222-2222-2222-2222-000000000020', 'ban-do-thua-dat.pdf',          'application/pdf', 397440, 2);

-- LLTP demo certificates live in data-lltp-demo.sql (loaded only by the default/H2 profile,
-- see spring.sql.init.data-locations in application.yml). Under the 'oracle' profile the
-- real DBDaotao tables provide the certificates, so the demo rows are not seeded there.
